{"cameraMode":{"drawMode":0,"name":"Shaded","section":"Shading Mode"},"sceneLighting":true,"audioPlay":false,"sceneViewState":{"showFog":true,"showMaterialUpdate":false,"showSkybox":true,"showFlares":true,"showImageEffects":true,"showParticleSystems":true},"in2DMode":false,"pivot":{"x":0.4035946726799011,"y":1.3111460208892823,"z":1.4326167106628419},"rotation":{"x":-0.002639956306666136,"y":-0.9333201050758362,"z":0.35932880640029909,"w":-0.0061380695551633839},"size":29.50323486328125,"orthographic":true}