{"cameraMode":{"drawMode":0,"name":"Shaded","section":"Shading Mode"},"sceneLighting":true,"audioPlay":false,"sceneViewState":{"showFog":true,"showMaterialUpdate":false,"showSkybox":true,"showFlares":true,"showImageEffects":true,"showParticleSystems":true},"in2DMode":false,"pivot":{"x":3.8940491676330568,"y":2.0578062534332277,"z":-0.8547822833061218},"rotation":{"x":0.0648767277598381,"y":0.9162787795066834,"z":-0.16564573347568513,"w":0.3594450056552887},"size":17.14537239074707,"orthographic":true}