{"cameraMode":{"drawMode":0,"name":"Shaded","section":"Shading Mode"},"sceneLighting":true,"audioPlay":false,"sceneViewState":{"showFog":true,"showMaterialUpdate":false,"showSkybox":true,"showFlares":true,"showImageEffects":true,"showParticleSystems":true},"in2DMode":false,"pivot":{"x":3.912741184234619,"y":5.990509510040283,"z":-14.807043075561524},"rotation":{"x":0.28957533836364748,"y":-0.004361052997410297,"z":0.0012826141901314259,"w":0.9574053287506104},"size":24.853904724121095,"orthographic":true}