{"cameraMode":{"drawMode":0,"name":"Shaded","section":"Shading Mode"},"sceneLighting":true,"audioPlay":false,"sceneViewState":{"showFog":true,"showMaterialUpdate":false,"showSkybox":true,"showFlares":true,"showImageEffects":true,"showParticleSystems":true},"in2DMode":false,"pivot":{"x":1.5120093822479249,"y":-1.5325888395309449,"z":5.1053996086120609},"rotation":{"x":0.21675525605678559,"y":-0.5336950421333313,"z":0.1433260291814804,"w":0.8050479292869568},"size":37.909854888916019,"orthographic":true}