{"cameraMode":{"drawMode":0,"name":"Shaded","section":"Shading Mode"},"sceneLighting":true,"audioPlay":false,"sceneViewState":{"showFog":true,"showMaterialUpdate":false,"showSkybox":true,"showFlares":true,"showImageEffects":true,"showParticleSystems":true},"in2DMode":false,"pivot":{"x":1.6027302742004395,"y":-2.818939685821533,"z":1.4640624523162842},"rotation":{"x":0.3015848398208618,"y":-0.013233497738838196,"z":0.004015564452856779,"w":0.953574538230896},"size":24.081188201904298,"orthographic":true}