{"cameraMode":{"drawMode":0,"name":"Shaded","section":"Shading Mode"},"sceneLighting":true,"audioPlay":false,"sceneViewState":{"showFog":true,"showMaterialUpdate":false,"showSkybox":true,"showFlares":true,"showImageEffects":true,"showParticleSystems":true},"in2DMode":false,"pivot":{"x":3.963127374649048,"y":-2.750365734100342,"z":2.8585433959960939},"rotation":{"x":0.23163504898548127,"y":-0.010305572301149369,"z":0.002248730044811964,"w":0.9729962944984436},"size":27.970571517944337,"orthographic":true}