{"cameraMode":{"drawMode":0,"name":"Shaded","section":"Shading Mode"},"sceneLighting":true,"audioPlay":false,"sceneViewState":{"showFog":true,"showMaterialUpdate":false,"showSkybox":true,"showFlares":true,"showImageEffects":true,"showParticleSystems":true},"in2DMode":false,"pivot":{"x":5.795355319976807,"y":0.35280942916870119,"z":-2.7750282287597658},"rotation":{"x":-0.006199105642735958,"y":0.9775352478027344,"z":-0.2086707204580307,"w":-0.029040342196822168},"size":10.0,"orthographic":false}